Model,Accuracy,Precision,Recall,F1,ROC_AUC
Logistic Regression,0.9996190476190476,0.9992331288343558,1.0,0.9996164173379364,1.0
MLP Neural Network,1.0,1.0,1.0,1.0,1.0
